{
    "1": {
        "f1": 1,
        "id": 1
    },
    "10": {
        "f1": 2.357947691000002,
        "id": 10
    },
    "11": {
        "f1": 2.5937424601000023,
        "id": 11
    },
    "12": {
        "f1": 2.853116706110003,
        "id": 12
    },
    "13": {
        "f1": 3.1384283767210035,
        "id": 13
    },
    "14": {
        "f1": 3.4522712143931042,
        "id": 14
    },
    "15": {
        "f1": 3.797498335832415,
        "id": 15
    },
    "16": {
        "f1": 4.177248169415656,
        "id": 16
    },
    "17": {
        "f1": 4.594972986357222,
        "id": 17
    },
    "18": {
        "f1": 5.054470284992944,
        "id": 18
    },
    "19": {
        "f1": 5.559917313492239,
        "id": 19
    },
    "2": {
        "f1": 1.1,
        "id": 2
    },
    "20": {
        "f1": 6.115909044841463,
        "id": 20
    },
    "21": {
        "f1": 6.72749994932561,
        "id": 21
    },
    "22": {
        "f1": 7.400249944258172,
        "id": 22
    },
    "23": {
        "f1": 8.140274938683989,
        "id": 23
    },
    "24": {
        "f1": 8.954302432552389,
        "id": 24
    },
    "25": {
        "f1": 9.849732675807628,
        "id": 25
    },
    "26": {
        "f1": 10.834705943388391,
        "id": 26
    },
    "27": {
        "f1": 11.91817653772723,
        "id": 27
    },
    "28": {
        "f1": 13.109994191499954,
        "id": 28
    },
    "29": {
        "f1": 14.420993610649951,
        "id": 29
    },
    "3": {
        "f1": 1.2100000000000002,
        "id": 3
    },
    "30": {
        "f1": 15.863092971714948,
        "id": 30
    },
    "31": {
        "f1": 17.449402268886445,
        "id": 31
    },
    "32": {
        "f1": 19.19434249577509,
        "id": 32
    },
    "33": {
        "f1": 21.1137767453526,
        "id": 33
    },
    "34": {
        "f1": 23.22515441988786,
        "id": 34
    },
    "35": {
        "f1": 25.54766986187665,
        "id": 35
    },
    "36": {
        "f1": 28.102436848064315,
        "id": 36
    },
    "37": {
        "f1": 30.91268053287075,
        "id": 37
    },
    "38": {
        "f1": 34.003948586157826,
        "id": 38
    },
    "39": {
        "f1": 37.40434344477361,
        "id": 39
    },
    "4": {
        "f1": 1.3310000000000004,
        "id": 4
    },
    "40": {
        "f1": 41.14477778925097,
        "id": 40
    },
    "41": {
        "f1": 45.25925556817607,
        "id": 41
    },
    "42": {
        "f1": 49.785181124993684,
        "id": 42
    },
    "43": {
        "f1": 54.76369923749306,
        "id": 43
    },
    "44": {
        "f1": 60.24006916124237,
        "id": 44
    },
    "45": {
        "f1": 66.26407607736661,
        "id": 45
    },
    "46": {
        "f1": 72.89048368510328,
        "id": 46
    },
    "47": {
        "f1": 80.17953205361361,
        "id": 47
    },
    "48": {
        "f1": 88.19748525897498,
        "id": 48
    },
    "49": {
        "f1": 97.01723378487249,
        "id": 49
    },
    "5": {
        "f1": 1.4641000000000006,
        "id": 5
    },
    "50": {
        "f1": 106.71895716335975,
        "id": 50
    },
    "6": {
        "f1": 1.6105100000000008,
        "id": 6
    },
    "7": {
        "f1": 1.771561000000001,
        "id": 7
    },
    "8": {
        "f1": 1.9487171000000014,
        "id": 8
    },
    "9": {
        "f1": 2.1435888100000016,
        "id": 9
    }
}