{
    "1": {
        "50": "1.1000000000000001",
        "i1": 176,
        "id": 1,
        "level": 2
    },
    "10": {
        "50": "2.1800000000000006",
        "i1": 3442,
        "id": 10,
        "level": 16
    },
    "11": {
        "50": "2.4000000000000008",
        "i1": 4157,
        "id": 11,
        "level": 17
    },
    "12": {
        "50": "2.6400000000000006",
        "i1": 4974,
        "id": 12,
        "level": 19
    },
    "13": {
        "50": "2.9000000000000004",
        "i1": 5899,
        "id": 13,
        "level": 20
    },
    "14": {
        "50": "3.1800000000000006",
        "i1": 6942,
        "id": 14,
        "level": 22
    },
    "15": {
        "50": "3.4800000000000004",
        "i1": 8112,
        "id": 15,
        "level": 23
    },
    "16": {
        "50": "3.8000000000000003",
        "i1": 9409,
        "id": 16,
        "level": 25
    },
    "17": {
        "50": "4.1400000000000006",
        "i1": 10847,
        "id": 17,
        "level": 26
    },
    "18": {
        "50": "4.5000000000000009",
        "i1": 12429,
        "id": 18,
        "level": 28
    },
    "19": {
        "50": "4.8800000000000008",
        "i1": 14162,
        "id": 19,
        "level": 29
    },
    "2": {
        "50": "1.1400000000000001",
        "i1": 365,
        "id": 2,
        "level": 3
    },
    "20": {
        "50": "5.2800000000000011",
        "i1": 16051,
        "id": 20,
        "level": 30
    },
    "21": {
        "50": "5.7000000000000011",
        "i1": 18098,
        "id": 21,
        "level": 32
    },
    "22": {
        "50": "6.1400000000000015",
        "i1": 20317,
        "id": 22,
        "level": 33
    },
    "23": {
        "50": "6.6000000000000014",
        "i1": 22711,
        "id": 23,
        "level": 34
    },
    "24": {
        "50": "7.0800000000000018",
        "i1": 25276,
        "id": 24,
        "level": 36
    },
    "25": {
        "50": "7.5800000000000018",
        "i1": 28023,
        "id": 25,
        "level": 37
    },
    "26": {
        "50": "8.1000000000000014",
        "i1": 30958,
        "id": 26,
        "level": 38
    },
    "27": {
        "50": "8.64",
        "i1": 34076,
        "id": 27,
        "level": 39
    },
    "28": {
        "50": "9.2000000000000011",
        "i1": 37389,
        "id": 28,
        "level": 41
    },
    "29": {
        "50": "9.7800000000000011",
        "i1": 40890,
        "id": 29,
        "level": 42
    },
    "3": {
        "50": "1.2000000000000002",
        "i1": 575,
        "id": 3,
        "level": 5
    },
    "30": {
        "50": "10.38",
        "i1": 44592,
        "id": 30,
        "level": 43
    },
    "31": {
        "50": "11",
        "i1": 48499,
        "id": 31,
        "level": 44
    },
    "32": {
        "50": "11.64",
        "i1": 52601,
        "id": 32,
        "level": 45
    },
    "33": {
        "50": "12.3",
        "i1": 56912,
        "id": 33,
        "level": 46
    },
    "34": {
        "50": "12.98",
        "i1": 61421,
        "id": 34,
        "level": 47
    },
    "35": {
        "50": "13.68",
        "i1": 66143,
        "id": 35,
        "level": 48
    },
    "36": {
        "50": "14.4",
        "i1": 71064,
        "id": 36,
        "level": 49
    },
    "37": {
        "50": "15.14",
        "i1": 76200,
        "id": 37,
        "level": 50
    },
    "38": {
        "50": "15.9",
        "i1": 81551,
        "id": 38,
        "level": 51
    },
    "39": {
        "50": "16.68",
        "i1": 87103,
        "id": 39,
        "level": 52
    },
    "4": {
        "50": "1.2800000000000002",
        "i1": 818,
        "id": 4,
        "level": 6
    },
    "40": {
        "50": "17.48",
        "i1": 92854,
        "id": 40,
        "level": 53
    },
    "41": {
        "50": "18.3",
        "i1": 98838,
        "id": 41,
        "level": 54
    },
    "42": {
        "50": "19.14",
        "i1": 105002,
        "id": 42,
        "level": 55
    },
    "43": {
        "50": "20",
        "i1": 111400,
        "id": 43,
        "level": 56
    },
    "44": {
        "50": "20.88",
        "i1": 117993,
        "id": 44,
        "level": 57
    },
    "45": {
        "50": "21.779999999999998",
        "i1": 124799,
        "id": 45,
        "level": 57
    },
    "46": {
        "50": "22.7",
        "i1": 131819,
        "id": 46,
        "level": 58
    },
    "47": {
        "50": "23.64",
        "i1": 139050,
        "id": 47,
        "level": 59
    },
    "48": {
        "50": "24.6",
        "i1": 146468,
        "id": 48,
        "level": 60
    },
    "49": {
        "50": "25.580000000000002",
        "i1": 154120,
        "id": 49,
        "level": 60
    },
    "5": {
        "50": "1.3800000000000003",
        "i1": 1100,
        "id": 5,
        "level": 8
    },
    "50": {
        "50": "26.580000000000002",
        "i1": 161952,
        "id": 50,
        "level": 61
    },
    "6": {
        "50": "1.5000000000000004",
        "i1": 1433,
        "id": 6,
        "level": 10
    },
    "7": {
        "50": "1.6400000000000006",
        "i1": 1825,
        "id": 7,
        "level": 11
    },
    "8": {
        "50": "1.8000000000000005",
        "i1": 2284,
        "id": 8,
        "level": 13
    },
    "9": {
        "50": "1.9800000000000004",
        "i1": 2822,
        "id": 9,
        "level": 14
    }
}